station,driver,rider1,rider2,rider3,VMT,save_d,save_r1,save_r2,save_r3,T_d,T_r1,T_r2,T_r3,cost_d,cost_r1,cost_r2,cost_r3,detour_d,detour_r1,detour_r2,detour_r3,size,type,num_riders
0,2560,9287,0,0,26.6414,12.9448,12.0047,0.0,0,2260,1783.0,0.0,0,8.5,16.92,0.0,0,156,0.0,0.0,0,one,SR,1
0,3,6123,0,0,14.3376,6.6356,6.673,0.0,0,1445,884.0,0.0,0,5.91,10.29,0.0,0,179,0.0,0.0,0,one,SR,1
0,1549,5264,0,0,15.3004,8.2196,6.1147,0.0,0,1232,795.0,0.0,0,4.24,9.66,0.0,0,33,0.0,0.0,0,one,SR,1
0,4107,4173,0,0,14.1864,6.1999,6.9285,0.0,0,1953,925.0,0.0,0,10.98,10.58,0.0,0,227,0.0,0.0,0,one,SR,1
0,3600,4264,0,0,26.8117,13.3601,11.7896,0.0,0,2283,1745.0,0.0,0,9.01,16.62,0.0,0,109,0.0,0.0,0,one,SR,1
0,4625,9416,0,0,23.9561,9.9954,12.2359,0.0,0,2993,1825.0,0.0,0,15.9,17.25,0.0,0,377,0.0,0.0,0,one,SR,1
0,2040,6508,0,0,12.2148,5.2235,6.0351,0.0,0,1536,781.0,0.0,0,7.52,9.56,0.0,0,231,0.0,0.0,0,one,SR,1
0,3098,196,0,0,14.5615,7.8364,5.7951,0.0,0,1050,744.0,0.0,0,2.65,9.3,0.0,0,37,0.0,0.0,0,one,SR,1
0,543,6234,0,0,15.8783,7.0178,7.7134,0.0,0,1719,1051.0,0.0,0,7.73,11.47,0.0,0,226,0.0,0.0,0,one,SR,1
0,544,6010,0,0,17.4575,9.4887,6.9122,0.0,0,1769,923.0,0.0,0,9.07,10.57,0.0,0,2,0.0,0.0,0,one,SR,1
0,4128,487,0,0,17.5183,9.2475,7.1839,0.0,0,1761,966.0,0.0,0,8.71,10.87,0.0,0,37,0.0,0.0,0,one,SR,1
0,3106,5189,0,0,15.9385,7.0188,7.7671,0.0,0,1858,1059.0,0.0,0,9.13,11.53,0.0,0,229,0.0,0.0,0,one,SR,1
0,4133,1556,0,0,16.8875,9.1755,6.6817,0.0,0,1586,886.0,0.0,0,7.38,10.3,0.0,0,7,0.0,0.0,0,one,SR,1
0,4647,664,0,0,19.3107,10.3373,7.815,0.0,0,2447,1067.0,0.0,0,15.27,11.58,0.0,0,6,0.0,0.0,0,one,SR,1
0,3116,729,0,0,17.2609,7.8303,8.2248,0.0,0,1688,1134.0,0.0,0,6.87,12.06,0.0,0,206,0.0,0.0,0,one,SR,1
0,45,7068,0,0,19.3808,9.7213,8.4304,0.0,0,2241,1167.0,0.0,0,12.47,12.29,0.0,0,92,0.0,0.0,0,one,SR,1
0,2093,6298,0,0,16.3374,8.8466,6.4837,0.0,0,1468,853.0,0.0,0,6.35,10.07,0.0,0,15,0.0,0.0,0,one,SR,1
0,2099,8534,0,0,21.1035,9.7387,9.9625,0.0,0,1655,1412.0,0.0,0,4.76,14.02,0.0,0,197,0.0,0.0,0,one,SR,1
0,3130,5302,0,0,17.8492,9.5607,7.2001,0.0,0,1472,968.0,0.0,0,5.66,10.88,0.0,0,16,0.0,0.0,0,one,SR,1
0,3133,9795,0,0,15.9903,7.1008,7.7389,0.0,0,1418,1056.0,0.0,0,4.53,11.51,0.0,0,222,0.0,0.0,0,one,SR,1
0,575,4660,0,0,17.0707,9.1259,6.8911,0.0,0,1682,919.0,0.0,0,8.18,10.54,0.0,0,25,0.0,0.0,0,one,SR,1
0,4673,927,0,0,17.9007,8.3843,8.3028,0.0,0,1511,1145.0,0.0,0,4.94,12.14,0.0,0,173,0.0,0.0,0,one,SR,1
0,2630,572,0,0,20.3149,9.6356,9.3462,0.0,0,2629,1314.0,0.0,0,15.61,13.33,0.0,0,161,0.0,0.0,0,one,SR,1
0,4166,6695,0,0,26.0279,12.4619,11.8898,0.0,0,1917,1763.0,0.0,0,5.04,16.76,0.0,0,179,0.0,0.0,0,one,SR,1
0,1609,6290,0,0,17.3841,8.8692,7.4025,0.0,0,1347,1002.0,0.0,0,4.13,11.12,0.0,0,78,0.0,0.0,0,one,SR,1
0,3658,1349,0,0,18.6925,8.1255,9.246,0.0,0,2105,1297.0,0.0,0,10.21,13.21,0.0,0,257,0.0,0.0,0,one,SR,1
0,2128,9646,0,0,19.0632,8.536,9.2105,0.0,0,1652,1291.0,0.0,0,5.5,13.17,0.0,0,226,0.0,0.0,0,one,SR,1
0,3153,6191,0,0,19.5042,10.3504,7.977,0.0,0,3066,1093.0,0.0,0,21.6,11.77,0.0,0,17,0.0,0.0,0,one,SR,1
0,3665,4680,0,0,23.6487,12.3981,9.8604,0.0,0,1414,1395.0,0.0,0,2.33,13.9,0.0,0,8,0.0,0.0,0,one,SR,1
0,4179,5677,0,0,14.1112,5.5351,7.458,0.0,0,2358,1010.0,0.0,0,14.7,11.18,0.0,0,309,0.0,0.0,0,one,SR,1
0,1626,8994,0,0,13.471,5.9632,6.4986,0.0,0,1321,856.0,0.0,0,4.79,10.09,0.0,0,213,0.0,0.0,0,one,SR,1
0,4697,6739,0,0,14.4509,5.832,7.4959,0.0,0,1814,1017.0,0.0,0,8.94,11.23,0.0,0,292,0.0,0.0,0,one,SR,1
0,1629,5003,0,0,15.6425,6.8584,7.6449,0.0,0,2275,1040.0,0.0,0,13.63,11.39,0.0,0,232,0.0,0.0,0,one,SR,1
0,3678,5290,0,0,16.3038,7.0202,8.0935,0.0,0,1937,1112.0,0.0,0,9.63,11.9,0.0,0,252,0.0,0.0,0,one,SR,1
0,1633,1513,0,0,15.2051,6.8384,7.2706,0.0,0,1705,979.0,0.0,0,8.04,10.96,0.0,0,207,0.0,0.0,0,one,SR,1
0,3169,4296,0,0,15.9082,8.4017,6.4981,0.0,0,1427,855.0,0.0,0,5.91,10.08,0.0,0,46,0.0,0.0,0,one,SR,1
0,622,7916,0,0,12.1037,4.8179,6.2992,0.0,0,2191,824.0,0.0,0,14.13,9.87,0.0,0,277,0.0,0.0,0,one,SR,1
0,4718,4452,0,0,17.1327,8.5497,7.4642,0.0,0,1673,1011.0,0.0,0,7.5,11.19,0.0,0,104,0.0,0.0,0,one,SR,1
0,1648,6820,0,0,14.0522,7.484,5.6551,0.0,0,1262,720.0,0.0,0,5.03,9.13,0.0,0,50,0.0,0.0,0,one,SR,1
0,1651,2390,0,0,14.6299,5.9914,7.5141,0.0,0,2165,1019.0,0.0,0,12.61,11.24,0.0,0,282,0.0,0.0,0,one,SR,1
0,1140,3889,0,0,26.6537,14.0075,11.0853,0.0,0,1828,1616.0,0.0,0,5.15,15.61,0.0,0,3,0.0,0.0,0,one,SR,1
0,3697,5561,0,0,21.4357,11.145,8.9973,0.0,0,2628,1258.0,0.0,0,15.95,12.93,0.0,0,34,0.0,0.0,0,one,SR,1
0,4215,6202,0,0,14.8093,6.493,7.2251,0.0,0,1585,972.0,0.0,0,6.82,10.91,0.0,0,227,0.0,0.0,0,one,SR,1
0,4726,8114,0,0,14.4308,7.0113,6.4195,0.0,0,1451,843.0,0.0,0,6.24,10.0,0.0,0,136,0.0,0.0,0,one,SR,1
0,2181,4438,0,0,17.4191,8.1065,8.1189,0.0,0,1678,1117.0,0.0,0,6.88,11.94,0.0,0,180,0.0,0.0,0,one,SR,1
0,140,6730,0,0,16.9821,8.6368,7.2505,0.0,0,1458,977.0,0.0,0,5.46,10.95,0.0,0,83,0.0,0.0,0,one,SR,1
0,1676,7213,0,0,14.7041,7.5552,6.1765,0.0,0,2024,804.0,0.0,0,12.5,9.72,0.0,0,82,0.0,0.0,0,one,SR,1
0,2703,4852,0,0,21.0934,10.5977,9.1818,0.0,0,1971,1287.0,0.0,0,8.87,13.14,0.0,0,84,0.0,0.0,0,one,SR,1
0,3727,3690,0,0,18.3211,8.671,8.4231,0.0,0,1717,1164.0,0.0,0,6.99,12.27,0.0,0,162,0.0,0.0,0,one,SR,1
0,2194,9074,0,0,40.2661,21.2242,16.6782,0.0,0,3320,2640.0,0.0,0,13.59,23.64,0.0,0,4,0.0,0.0,0,one,SR,1
0,1171,1966,0,0,15.6908,8.3029,6.3908,0.0,0,1548,839.0,0.0,0,7.28,9.97,0.0,0,46,0.0,0.0,0,one,SR,1
0,1172,5968,0,0,17.8966,8.5486,8.1514,0.0,0,1401,1121.0,0.0,0,3.94,11.97,0.0,0,152,0.0,0.0,0,one,SR,1
0,2195,1740,0,0,14.5275,6.7321,6.7564,0.0,0,1654,898.0,0.0,0,8.02,10.39,0.0,0,179,0.0,0.0,0,one,SR,1
0,4756,2198,0,0,16.1011,8.4684,6.6107,0.0,0,2200,874.0,0.0,0,13.9,10.22,0.0,0,50,0.0,0.0,0,one,SR,1
0,2713,4144,0,0,14.2774,7.4653,5.8737,0.0,0,1687,756.0,0.0,0,9.27,9.38,0.0,0,67,0.0,0.0,0,one,SR,1
0,4249,2000,0,0,15.4102,7.531,6.8326,0.0,0,1368,909.0,0.0,0,4.94,10.47,0.0,0,129,0.0,0.0,0,one,SR,1
0,3231,2630,0,0,22.5412,11.6482,9.5388,0.0,0,3193,1344.0,0.0,0,21.34,13.54,0.0,0,37,0.0,0.0,0,one,SR,1
0,2211,4687,0,0,21.7674,10.6971,9.6984,0.0,0,1498,1369.0,0.0,0,3.38,13.72,0.0,0,113,0.0,0.0,0,one,SR,1
0,1188,1823,0,0,12.3751,5.2319,6.1708,0.0,0,1675,804.0,0.0,0,8.84,9.72,0.0,0,240,0.0,0.0,0,one,SR,1
0,167,975,0,0,36.1671,14.0137,19.3992,0.0,0,4844,3138.0,0.0,0,26.07,27.54,0.0,0,735,0.0,0.0,0,one,SR,1
0,169,7323,0,0,20.1961,9.5497,9.317,0.0,0,2469,1309.0,0.0,0,13.96,13.29,0.0,0,165,0.0,0.0,0,one,SR,1
0,4780,4762,0,0,15.1262,7.4204,6.6768,0.0,0,1915,884.0,0.0,0,10.85,10.29,0.0,0,126,0.0,0.0,0,one,SR,1
0,1200,4609,0,0,13.6228,6.5993,6.063,0.0,0,1232,787.0,0.0,0,4.29,9.6,0.0,0,140,0.0,0.0,0,one,SR,1
0,4271,3514,0,0,16.8914,9.1301,6.7267,0.0,0,1329,892.0,0.0,0,4.64,10.35,0.0,0,13,0.0,0.0,0,one,SR,1
0,3252,1725,0,0,23.3195,10.1019,11.5862,0.0,0,2252,1706.0,0.0,0,8.96,16.32,0.0,0,313,0.0,0.0,0,one,SR,1
0,2234,4504,0,0,22.6222,11.7601,9.5115,0.0,0,2556,1339.0,0.0,0,14.68,13.51,0.0,0,27,0.0,0.0,0,one,SR,1
0,2235,5165,0,0,15.4811,8.4507,6.0692,0.0,0,1323,788.0,0.0,0,5.24,9.61,0.0,0,14,0.0,0.0,0,one,SR,1
0,4796,4980,0,0,12.1574,4.8937,6.28,0.0,0,2073,820.0,0.0,0,12.91,9.84,0.0,0,270,0.0,0.0,0,one,SR,1
0,702,8698,0,0,29.0983,15.3125,12.083,0.0,0,3413,1797.0,0.0,0,20.51,17.03,0.0,0,1,0.0,0.0,0,one,SR,1
0,3278,1643,0,0,36.392,18.743,15.4609,0.0,0,2716,2416.0,0.0,0,8.82,21.88,0.0,0,65,0.0,0.0,0,one,SR,1
0,4302,5576,0,0,14.7527,6.4661,7.1982,0.0,0,1636,968.0,0.0,0,7.38,10.88,0.0,0,227,0.0,0.0,0,one,SR,1
0,209,7672,0,0,19.9239,9.0277,9.5412,0.0,0,1576,1345.0,0.0,0,4.35,13.55,0.0,0,216,0.0,0.0,0,one,SR,1
0,211,8293,0,0,16.8837,8.9092,6.9179,0.0,0,1297,923.0,0.0,0,4.11,10.57,0.0,0,41,0.0,0.0,0,one,SR,1
0,1244,2185,0,0,17.6075,8.0256,8.3613,0.0,0,1712,1155.0,0.0,0,6.99,12.21,0.0,0,202,0.0,0.0,0,one,SR,1
0,236,4398,0,0,15.9236,6.7125,8.0287,0.0,0,1853,1101.0,0.0,0,8.81,11.82,0.0,0,268,0.0,0.0,0,one,SR,1
0,2292,7431,0,0,13.0988,5.9271,6.1971,0.0,0,1637,807.0,0.0,0,8.42,9.75,0.0,0,194,0.0,0.0,0,one,SR,1
0,1781,4081,0,0,17.0762,9.1395,6.8843,0.0,0,1572,917.0,0.0,0,7.04,10.52,0.0,0,23,0.0,0.0,0,one,SR,1
0,3320,4606,0,0,17.1572,8.6278,7.4163,0.0,0,1239,1003.0,0.0,0,2.99,11.13,0.0,0,95,0.0,0.0,0,one,SR,1
0,1786,3734,0,0,19.6336,8.0768,10.1338,0.0,0,2085,1440.0,0.0,0,9.09,14.23,0.0,0,323,0.0,0.0,0,one,SR,1
0,1277,3457,0,0,14.001,6.5033,6.4899,0.0,0,1497,854.0,0.0,0,6.65,10.08,0.0,0,175,0.0,0.0,0,one,SR,1
0,2305,3662,0,0,14.7372,7.3246,6.4133,0.0,0,1363,842.0,0.0,0,5.32,9.99,0.0,0,114,0.0,0.0,0,one,SR,1
0,4868,7790,0,0,15.4964,7.177,7.2275,0.0,0,1452,973.0,0.0,0,5.42,10.92,0.0,0,181,0.0,0.0,0,one,SR,1
0,2824,7752,0,0,13.6655,6.6086,6.0936,0.0,0,1465,791.0,0.0,0,6.71,9.63,0.0,0,141,0.0,0.0,0,one,SR,1
0,4872,7023,0,0,16.255,7.7849,7.3626,0.0,0,1751,995.0,0.0,0,8.42,11.07,0.0,0,149,0.0,0.0,0,one,SR,1
0,1296,24,0,0,22.5241,11.85,9.3419,0.0,0,1863,1313.0,0.0,0,7.57,13.32,0.0,0,10,0.0,0.0,0,one,SR,1
0,1303,7887,0,0,19.2947,8.379,9.5594,0.0,0,1767,1347.0,0.0,0,6.35,13.56,0.0,0,261,0.0,0.0,0,one,SR,1
0,3865,1819,0,0,15.2218,7.1578,6.9975,0.0,0,1591,937.0,0.0,0,7.11,10.66,0.0,0,167,0.0,0.0,0,one,SR,1
0,283,9434,0,0,12.7529,5.8984,5.9124,0.0,0,1572,761.0,0.0,0,8.03,9.42,0.0,0,176,0.0,0.0,0,one,SR,1
0,4889,2839,0,0,31.7846,14.3661,15.2586,0.0,0,4072,2380.0,0.0,0,23.32,21.6,0.0,0,346,0.0,0.0,0,one,SR,1
0,3360,583,0,0,11.7454,4.9679,5.8425,0.0,0,1477,751.0,0.0,0,7.09,9.35,0.0,0,235,0.0,0.0,0,one,SR,1
0,1315,1009,0,0,30.2129,15.4924,12.9001,0.0,0,3196,1947.0,0.0,0,17.17,18.2,0.0,0,61,0.0,0.0,0,one,SR,1
0,2859,4251,0,0,28.6474,14.3033,12.5706,0.0,0,2309,1887.0,0.0,0,8.28,17.73,0.0,0,113,0.0,0.0,0,one,SR,1
0,2865,3905,0,0,10.6254,4.0018,5.7049,0.0,0,1773,728.0,0.0,0,10.35,9.19,0.0,0,291,0.0,0.0,0,one,SR,1
0,819,7732,0,0,21.0398,10.0604,9.616,0.0,0,1993,1357.0,0.0,0,8.66,13.63,0.0,0,151,0.0,0.0,0,one,SR,1
0,1844,1747,0,0,21.7718,11.2988,9.1612,0.0,0,3465,1284.0,0.0,0,24.58,13.12,0.0,0,35,0.0,0.0,0,one,SR,1
0,4916,8975,0,0,26.7578,12.8489,12.1903,0.0,0,3165,1817.0,0.0,0,17.77,17.19,0.0,0,179,0.0,0.0,0,one,SR,1
0,2373,7897,0,0,14.537,7.4921,6.0831,0.0,0,2018,789.0,0.0,0,12.53,9.62,0.0,0,80,0.0,0.0,0,one,SR,1
0,1867,9811,0,0,26.9583,12.5018,12.6689,0.0,0,2499,1905.0,0.0,0,10.15,17.88,0.0,0,245,0.0,0.0,0,one,SR,1
0,2895,2093,0,0,24.5894,11.3611,11.5952,0.0,0,2113,1708.0,0.0,0,7.49,16.33,0.0,0,228,0.0,0.0,0,one,SR,1
0,4433,3903,0,0,38.0629,19.2669,16.4636,0.0,0,2949,2600.0,0.0,0,9.97,23.32,0.0,0,118,0.0,0.0,0,one,SR,1
0,862,1965,0,0,14.9946,7.9365,6.0942,0.0,0,1706,792.0,0.0,0,9.24,9.64,0.0,0,51,0.0,0.0,0,one,SR,1
0,352,4213,0,0,13.2317,5.9586,6.2873,0.0,0,1931,823.0,0.0,0,11.4,9.86,0.0,0,199,0.0,0.0,0,one,SR,1
0,1377,817,0,0,27.6949,14.5228,11.546,0.0,0,2819,1699.0,0.0,0,14.97,16.26,0.0,0,8,0.0,0.0,0,one,SR,1
0,1886,1106,0,0,16.9768,7.5702,8.2037,0.0,0,2076,1130.0,0.0,0,10.97,12.03,0.0,0,222,0.0,0.0,0,one,SR,1
0,1889,4541,0,0,13.5259,5.9241,6.5834,0.0,0,1995,869.0,0.0,0,11.78,10.18,0.0,0,221,0.0,0.0,0,one,SR,1
0,2911,2495,0,0,18.175,9.7111,7.3578,0.0,0,2785,993.0,0.0,0,19.29,11.06,0.0,0,17,0.0,0.0,0,one,SR,1
0,359,304,0,0,13.9246,7.2133,5.7827,0.0,0,1761,742.0,0.0,0,10.13,9.29,0.0,0,78,0.0,0.0,0,one,SR,1
0,2931,1246,0,0,22.0266,11.6916,9.038,0.0,0,1363,1263.0,0.0,0,2.64,12.97,0.0,0,-1,0.0,0.0,0,one,SR,1
0,891,7621,0,0,14.6062,7.1439,6.4574,0.0,0,1409,850.0,0.0,0,5.75,10.05,0.0,0,130,0.0,0.0,0,one,SR,1
0,892,7354,0,0,16.5349,8.6633,6.825,0.0,0,1689,909.0,0.0,0,8.31,10.47,0.0,0,52,0.0,0.0,0,one,SR,1
0,2940,9450,0,0,20.4494,10.4872,8.7035,0.0,0,1693,1209.0,0.0,0,6.45,12.59,0.0,0,58,0.0,0.0,0,one,SR,1
0,1918,4066,0,0,12.8574,6.1178,5.809,0.0,0,1371,745.0,0.0,0,6.02,9.31,0.0,0,154,0.0,0.0,0,one,SR,1
0,1411,30,0,0,19.964,10.6835,8.091,0.0,0,2267,1111.0,0.0,0,13.1,11.89,0.0,0,2,0.0,0.0,0,one,SR,1
0,2443,8251,0,0,13.7091,7.1278,5.6662,0.0,0,1710,723.0,0.0,0,9.72,9.15,0.0,0,76,0.0,0.0,0,one,SR,1
0,2956,3741,0,0,16.1001,8.1931,6.8575,0.0,0,2123,913.0,0.0,0,12.85,10.49,0.0,0,86,0.0,0.0,0,one,SR,1
0,4505,4640,0,0,21.7624,10.7205,9.6721,0.0,0,1604,1366.0,0.0,0,4.51,13.7,0.0,0,110,0.0,0.0,0,one,SR,1
0,3996,2468,0,0,22.5641,9.3646,11.5695,0.0,0,2640,1704.0,0.0,0,13.05,16.3,0.0,0,362,0.0,0.0,0,one,SR,1
0,2978,6403,0,0,17.0551,8.5496,7.3952,0.0,0,1888,999.0,0.0,0,9.83,11.1,0.0,0,99,0.0,0.0,0,one,SR,1
0,419,9324,0,0,20.0382,9.7083,9.0337,0.0,0,1913,1262.0,0.0,0,8.42,12.96,0.0,0,134,0.0,0.0,0,one,SR,1
0,3489,7963,0,0,20.0279,8.2733,10.3066,0.0,0,2618,1472.0,0.0,0,14.46,14.48,0.0,0,325,0.0,0.0,0,one,SR,1
0,3496,6291,0,0,13.8715,5.9279,6.8905,0.0,0,1638,918.0,0.0,0,7.72,10.53,0.0,0,242,0.0,0.0,0,one,SR,1
0,1978,9854,0,0,13.9159,6.393,6.5116,0.0,0,1719,859.0,0.0,0,8.95,10.11,0.0,0,185,0.0,0.0,0,one,SR,1
0,1980,1779,0,0,13.7559,6.9154,5.9,0.0,0,1117,759.0,0.0,0,3.26,9.41,0.0,0,106,0.0,0.0,0,one,SR,1
0,3516,119,0,0,14.5232,7.8895,5.7136,0.0,0,1257,730.0,0.0,0,4.92,9.2,0.0,0,27,0.0,0.0,0,one,SR,1
0,4545,8788,0,0,16.5708,8.5793,6.9328,0.0,0,1191,926.0,0.0,0,2.98,10.59,0.0,0,65,0.0,0.0,0,one,SR,1
0,4035,9000,0,0,24.8424,10.8336,12.2777,0.0,0,2832,1833.0,0.0,0,14.16,17.31,0.0,0,324,0.0,0.0,0,one,SR,1
0,4546,4138,0,0,22.6831,10.7756,10.4391,0.0,0,2181,1498.0,0.0,0,9.68,14.68,0.0,0,167,0.0,0.0,0,one,SR,1
0,454,797,0,0,15.6462,8.5143,6.1616,0.0,0,1235,801.0,0.0,0,4.23,9.7,0.0,0,15,0.0,0.0,0,one,SR,1
0,3022,8939,0,0,23.2325,11.3198,10.445,0.0,0,2362,1497.0,0.0,0,11.59,14.68,0.0,0,129,0.0,0.0,0,one,SR,1
0,3024,8617,0,0,18.614,8.9848,8.4044,0.0,0,1506,1161.0,0.0,0,4.79,12.25,0.0,0,139,0.0,0.0,0,one,SR,1
0,4580,3576,0,0,16.8528,9.1647,6.6606,0.0,0,1628,882.0,0.0,0,7.85,10.28,0.0,0,6,0.0,0.0,0,one,SR,1
0,3559,7079,0,0,22.1166,11.6814,9.1276,0.0,0,2183,1278.0,0.0,0,11.15,13.08,0.0,0,6,0.0,0.0,0,one,SR,1
0,2029,2146,0,0,26.6045,13.5462,11.4456,0.0,0,1874,1682.0,0.0,0,5.16,16.13,0.0,0,66,0.0,0.0,0,one,SR,1
0,3567,8729,0,0,18.4137,9.0487,8.1663,0.0,0,2145,1124.0,0.0,0,11.73,11.99,0.0,0,119,0.0,0.0,0,one,SR,1
0,2033,2987,0,0,13.5592,6.7394,5.8813,0.0,0,1185,756.0,0.0,0,4.0,9.38,0.0,0,117,0.0,0.0,0,one,SR,1
0,4600,2787,0,0,17.4208,8.0748,8.1495,0.0,0,1707,1121.0,0.0,0,7.15,11.97,0.0,0,184,0.0,0.0,0,one,SR,1
0,3066,4886,0,0,20.8186,9.5787,9.8503,0.0,0,1758,1394.0,0.0,0,5.95,13.9,0.0,0,200,0.0,0.0,0,one,SR,1
0,3067,4100,0,0,22.4351,11.6033,9.4833,0.0,0,2246,1336.0,0.0,0,11.45,13.49,0.0,0,37,0.0,0.0,0,one,SR,1
0,1532,4455,0,0,24.7157,12.5508,10.6651,0.0,0,2477,1538.0,0.0,0,12.51,15.0,0.0,0,65,0.0,0.0,0,one,SR,1
0,574,7899,3620,0,46.8698,17.9726,15.0551,11.4345,0,2033,1949.0,1241.0,0,-0.32,13.8,10.28,0,252,130.0,0.0,0,many,SR,2
0,4167,9592,256,0,42.2609,17.6066,12.352,10.2584,0,1569,1379.0,1108.0,0,-1.92,11.0,9.44,0,54,11.0,14.0,0,many,SR,2
0,2162,9510,5297,0,40.9195,15.9373,11.9192,10.9601,0,1545,1330.0,1386.0,0,-2.7,10.69,10.34,0,204,16.0,134.0,0,many,SR,2
0,1374,9787,1345,0,34.1746,12.7541,7.055,12.3814,0,2432,1027.0,1868.0,0,7.68,7.74,12.1,0,348,233.0,319.0,0,many,SR,2
0,2431,2752,2751,0,52.6961,20.9095,14.6034,14.6034,0,2310,1676.0,1676.0,0,1.04,12.9,12.9,0,158,0.0,0.0,0,many,SR,2
0,2980,4424,292,0,30.5753,11.8077,8.5904,8.5363,0,2119,868.0,923.0,0,7.48,8.16,8.25,0,202,0.0,40.0,0,many,SR,2
0,1506,544,543,0,32.6475,13.219,8.8766,8.8766,0,2387,906.0,906.0,0,9.98,8.38,8.38,0,127,0.0,0.0,0,many,SR,2
0,4082,5620,290,0,30.9678,12.4034,8.5087,8.4347,0,1285,873.0,862.0,0,-1.1,8.13,8.08,0,149,10.0,9.0,0,many,SR,2
1,3560,4240,0,0,22.2194,5.0208,16.5938,0.0,0,1083,1572.0,0.0,0,5.93,9.05,0.0,0,29,27.0,0.0,0,one,RT,1
1,2155,6641,672,0,47.1126,10.4464,17.5227,17.5265,0,3941,2200.0,2200.0,0,26.83,11.09,11.08,0,280,335.0,335.0,0,many,RT,2
7,2759,4183,3194,0,64.2873,13.0309,18.5245,31.1183,0,1408,2809.0,3324.0,0,0.26,10.51,15.63,0,102,775.0,153.0,0,many,RT,2
9,3856,9119,0,0,23.206,3.0738,19.4553,0.0,0,1912,2427.0,0.0,0,13.98,10.77,0.0,0,206,416.0,0.0,0,one,TR,1
10,2573,6538,0,0,20.8904,6.7994,13.1921,0.0,0,1866,2357.0,0.0,0,11.5,11.99,0.0,0,88,651.0,0.0,0,one,RT,1
10,4661,9773,0,0,19.8515,4.6375,14.3696,0.0,0,1474,1879.0,0.0,0,7.88,11.44,0.0,0,202,251.0,0.0,0,one,RT,1
11,1617,8244,0,0,21.6223,3.4627,17.4134,0.0,0,1545,2578.0,0.0,0,9.51,11.46,0.0,0,222,608.0,0.0,0,one,TR,1
15,809,5242,0,0,39.5208,4.5112,34.3872,0.0,0,1834,2920.0,0.0,0,13.65,11.22,0.0,0,75,-90.0,0.0,0,one,TR,1
22,890,1731,0,0,18.8558,3.6522,14.5196,0.0,0,1233,1713.0,0.0,0,6.79,9.84,0.0,0,171,208.0,0.0,0,one,TR,1
22,3035,6886,0,0,25.227,7.2626,17.1411,0.0,0,1087,1751.0,0.0,0,4.0,11.23,0.0,0,10,7.0,0.0,0,one,RT,1
25,271,8094,0,0,12.0154,3.6484,7.6449,0.0,0,1415,1350.0,0.0,0,8.36,10.22,0.0,0,195,303.0,0.0,0,one,RT,1
25,287,7053,0,0,15.384,3.6583,11.123,0.0,0,1725,1503.0,0.0,0,12.69,9.03,0.0,0,121,289.0,0.0,0,one,RT,1
31,4790,9664,0,0,19.4313,3.9697,14.9105,0.0,0,1582,1567.0,0.0,0,11.65,8.51,0.0,0,68,150.0,0.0,0,one,RT,1
38,428,3255,0,0,16.3151,5.3989,10.0172,0.0,0,1428,2009.0,0.0,0,6.9,11.99,0.0,0,184,568.0,0.0,0,one,RT,1
38,834,9743,0,0,25.1525,6.2316,17.9075,0.0,0,1439,2201.0,0.0,0,5.99,13.13,0.0,0,197,197.0,0.0,0,one,TR,1
42,630,9555,0,0,15.4371,4.9585,9.8957,0.0,0,1296,1410.0,0.0,0,8.36,8.83,0.0,0,20,300.0,0.0,0,one,RT,1
42,1491,16,14,0,53.2919,11.5799,19.9837,19.9837,0,1903,2341.0,2341.0,0,4.28,11.72,11.72,0,281,265.0,265.0,0,many,RT,2
48,1779,5757,0,0,25.8804,8.6803,16.1562,0.0,0,1574,2370.0,0.0,0,7.13,13.44,0.0,0,49,408.0,0.0,0,one,TR,1
49,1212,492,0,0,38.6646,4.0755,34.05,0.0,0,1215,2359.0,0.0,0,7.91,10.39,0.0,0,53,-450.0,0.0,0,one,RT,1
49,2832,4532,0,0,23.0739,4.3613,18.2011,0.0,0,1121,2119.0,0.0,0,7.17,9.11,0.0,0,17,348.0,0.0,0,one,TR,1
49,3393,9317,0,0,26.9327,7.2069,18.4974,0.0,0,2178,3390.0,0.0,0,11.81,15.28,0.0,0,263,945.0,0.0,0,one,TR,1
50,41,3997,0,0,35.0085,10.0325,23.759,0.0,0,1965,2776.0,0.0,0,9.68,16.17,0.0,0,63,126.0,0.0,0,one,RT,1
50,4527,8446,0,0,19.3319,4.6293,14.1417,0.0,0,1395,2104.0,0.0,0,9.6,9.61,0.0,0,29,540.0,0.0,0,one,RT,1
66,524,2887,0,0,26.5569,5.6264,20.2338,0.0,0,1086,3214.0,0.0,0,5.13,11.97,0.0,0,44,902.0,0.0,0,one,TR,1
66,412,4136,0,0,20.3024,4.6192,15.0445,0.0,0,1181,2131.0,0.0,0,6.65,10.39,0.0,0,77,465.0,0.0,0,one,RT,1
66,684,9267,1538,0,62.1988,4.741,12.7436,43.6568,0,2053,1965.0,2591.0,0,12.04,9.28,11.29,0,326,533.0,-875.0,0,many,RT,2
67,2721,6485,0,0,34.4894,4.7552,28.9605,0.0,0,2823,3126.0,0.0,0,22.68,13.74,0.0,0,151,234.0,0.0,0,one,RT,1
69,1199,6117,0,0,19.5786,7.2353,11.3835,0.0,0,1369,1993.0,0.0,0,5.74,12.6,0.0,0,96,443.0,0.0,0,one,TR,1
69,646,8186,3179,0,47.7317,7.225,19.7806,19.836,0,1276,2147.0,2272.0,0,5.39,9.13,9.77,0,54,278.0,333.0,0,many,RT,2
72,598,2087,0,0,17.1677,5.4363,11.0906,0.0,0,1294,1476.0,0.0,0,7.82,9.41,0.0,0,23,248.0,0.0,0,one,RT,1
72,1280,8741,0,0,20.1994,3.1572,16.4261,0.0,0,1358,2463.0,0.0,0,8.71,10.16,0.0,0,163,651.0,0.0,0,one,TR,1
75,3648,4168,0,0,12.7484,0.6446,11.5988,0.0,0,1848,1187.0,0.0,0,14.86,8.05,0.0,0,266,77.0,0.0,0,one,RT,1
78,4606,5995,0,0,24.0983,6.227,16.8748,0.0,0,1737,3154.0,0.0,0,9.27,14.96,0.0,0,187,877.0,0.0,0,one,TR,1
85,2042,6832,3648,0,52.8111,10.7128,15.7588,24.7918,0,1733,2411.0,3433.0,0,4.27,10.74,12.74,0,220,617.0,763.0,0,many,RT,2
86,522,8193,4589,0,38.5087,6.4937,13.3681,17.6191,0,1747,1909.0,1818.0,0,9.09,8.17,9.11,0,188,519.0,152.0,0,many,RT,2
88,119,404,0,0,14.167,2.962,10.6497,0.0,0,1229,1584.0,0.0,0,7.91,8.55,0.0,0,139,405.0,0.0,0,one,RT,1
88,971,6601,0,0,36.7362,9.2524,26.0051,0.0,0,1699,3864.0,0.0,0,4.53,18.79,0.0,0,277,676.0,0.0,0,one,RT,1
88,2976,4939,117,0,34.2957,8.6657,8.4404,16.2258,0,1263,1031.0,1782.0,0,4.59,6.85,7.79,0,1,208.0,280.0,0,many,RT,2
92,3205,8395,0,0,28.0349,8.7527,18.1542,0.0,0,2379,3348.0,0.0,0,14.83,15.28,0.0,0,96,933.0,0.0,0,one,RT,1
92,881,2046,0,0,18.5279,3.8092,14.1619,0.0,0,1588,2018.0,0.0,0,11.66,9.57,0.0,0,82,476.0,0.0,0,one,RT,1
109,4596,8463,0,0,12.9395,1.461,10.9367,0.0,0,1690,1287.0,0.0,0,12.87,8.42,0.0,0,233,170.0,0.0,0,one,TR,1
117,4730,4080,0,0,23.1819,4.7245,17.9071,0.0,0,1227,1480.0,0.0,0,7.93,9.5,0.0,0,16,-144.0,0.0,0,one,TR,1
121,4725,6503,0,0,19.804,4.566,14.6128,0.0,0,1621,2183.0,0.0,0,11.39,10.25,0.0,0,73,537.0,0.0,0,one,RT,1
124,2730,6604,0,0,18.7723,4.2351,13.8878,0.0,0,1115,1725.0,0.0,0,5.86,10.49,0.0,0,110,216.0,0.0,0,one,TR,1
124,3819,3683,0,0,14.06,2.8262,10.5711,0.0,0,1356,1683.0,0.0,0,8.27,10.63,0.0,0,214,366.0,0.0,0,one,TR,1
124,1939,866,0,0,18.1292,3.1768,14.3377,0.0,0,1368,2018.0,0.0,0,8.83,9.15,0.0,0,161,490.0,0.0,0,one,TR,1
128,425,5026,0,0,17.9447,4.2309,12.9471,0.0,0,2633,2304.0,0.0,0,20.75,11.67,0.0,0,182,643.0,0.0,0,one,TR,1
136,3461,8493,0,0,17.7243,4.665,12.4453,0.0,0,1191,1260.0,0.0,0,6.98,9.14,0.0,0,59,22.0,0.0,0,one,RT,1
140,2293,5560,0,0,14.9902,3.8872,10.54,0.0,0,1158,1315.0,0.0,0,7.09,8.63,0.0,0,81,202.0,0.0,0,one,TR,1
140,3033,6507,0,0,20.0436,2.1674,17.3477,0.0,0,1257,1842.0,0.0,0,8.44,9.28,0.0,0,177,176.0,0.0,0,one,RT,1
147,621,5568,0,0,16.9482,4.9723,11.2043,0.0,0,1728,1697.0,0.0,0,11.2,10.72,0.0,0,135,335.0,0.0,0,one,TR,1
150,276,2365,0,0,12.0515,2.3889,9.1257,0.0,0,1390,1367.0,0.0,0,9.76,8.37,0.0,0,167,337.0,0.0,0,one,RT,1
150,3636,5052,0,0,22.9397,5.5648,16.6973,0.0,0,1526,2106.0,0.0,0,9.92,9.78,0.0,0,37,386.0,0.0,0,one,TR,1
150,4288,6662,0,0,18.5439,4.2239,13.4339,0.0,0,1851,2003.0,0.0,0,11.46,11.86,0.0,0,256,375.0,0.0,0,one,TR,1
152,238,1744,0,0,16.0403,7.6374,7.4701,0.0,0,1271,1700.0,0.0,0,4.95,12.33,0.0,0,52,459.0,0.0,0,one,RT,1
161,3781,2009,0,0,16.4781,4.9592,10.8725,0.0,0,1196,1790.0,0.0,0,6.74,9.47,0.0,0,59,497.0,0.0,0,one,TR,1
162,549,9803,0,0,24.7239,6.003,17.9747,0.0,0,2000,2400.0,0.0,0,14.28,11.46,0.0,0,49,440.0,0.0,0,one,TR,1
162,3545,103,0,0,14.0141,2.6514,10.8173,0.0,0,1758,1194.0,0.0,0,13.55,8.45,0.0,0,154,104.0,0.0,0,one,RT,1
164,4539,4182,3534,0,45.8922,10.5234,20.3912,13.6356,0,1809,1866.0,2074.0,0,6.92,10.73,9.69,0,106,-63.0,542.0,0,many,RT,2
165,3232,276,0,0,27.5943,5.874,21.0095,0.0,0,1111,2375.0,0.0,0,5.27,11.11,0.0,0,36,268.0,0.0,0,one,RT,1
166,4124,2610,0,0,26.8738,1.9853,24.2264,0.0,0,1688,2204.0,0.0,0,11.77,10.62,0.0,0,271,-19.0,0.0,0,one,RT,1
168,3485,4062,0,0,26.984,2.1194,24.2959,0.0,0,1294,3637.0,0.0,0,8.47,11.69,0.0,0,205,1007.0,0.0,0,one,RT,1
170,3207,1459,0,0,22.4417,5.2727,16.4667,0.0,0,1525,2047.0,0.0,0,9.69,10.02,0.0,0,72,340.0,0.0,0,one,TR,1
170,1051,9969,0,0,24.1988,4.9566,18.2444,0.0,0,1856,1994.0,0.0,0,10.51,12.98,0.0,0,275,29.0,0.0,0,one,RT,1
178,3352,5370,0,0,25.0782,7.7004,16.1692,0.0,0,2738,3045.0,0.0,0,17.87,16.09,0.0,0,217,770.0,0.0,0,one,RT,1
180,2953,3713,0,0,25.3376,8.4503,15.8286,0.0,0,1552,2072.0,0.0,0,6.77,13.59,0.0,0,74,192.0,0.0,0,one,RT,1
181,1324,5791,0,0,13.8802,4.9761,8.3106,0.0,0,1147,855.0,0.0,0,6.7,7.93,0.0,0,25,19.0,0.0,0,one,RT,1
181,4418,1186,0,0,26.6453,2.4083,23.5636,0.0,0,1680,2911.0,0.0,0,11.58,11.73,0.0,0,249,494.0,0.0,0,one,TR,1
181,3011,7000,0,0,10.2612,2.1993,7.5065,0.0,0,1213,930.0,0.0,0,7.74,7.55,0.0,0,191,144.0,0.0,0,one,TR,1
182,1540,6591,0,0,15.5116,4.8447,10.0161,0.0,0,1284,1039.0,0.0,0,7.63,8.51,0.0,0,69,29.0,0.0,0,one,RT,1
184,4151,9930,4328,0,59.0783,7.8923,30.0591,20.0701,0,1588,4087.0,1981.0,0,7.16,12.33,8.24,0,111,983.0,186.0,0,many,RT,2
186,4858,6017,0,0,16.8555,2.3048,13.9996,0.0,0,1631,1453.0,0.0,0,12.17,8.51,0.0,0,181,116.0,0.0,0,one,RT,1
191,3603,7827,0,0,41.7213,4.4576,36.6546,0.0,0,1093,2373.0,0.0,0,6.0,12.09,0.0,0,70,-686.0,0.0,0,one,RT,1
195,721,5626,0,0,17.7704,6.4579,10.5805,0.0,0,1288,1863.0,0.0,0,6.94,10.32,0.0,0,9,520.0,0.0,0,one,RT,1
205,3965,9041,0,0,11.3825,3.339,7.4924,0.0,0,1439,1296.0,0.0,0,10.15,8.51,0.0,0,111,369.0,0.0,0,one,TR,1
208,3274,9525,0,0,17.6801,1.727,15.4148,0.0,0,1365,1924.0,0.0,0,9.49,9.38,0.0,0,213,343.0,0.0,0,one,RT,1
208,4727,8584,3448,0,63.9168,9.1344,13.9314,39.7942,0,1182,1999.0,3330.0,0,2.9,8.27,10.3,0,26,549.0,-34.0,0,many,RT,2
210,4399,2508,0,0,23.7447,6.8628,15.9618,0.0,0,2237,2223.0,0.0,0,15.21,13.2,0.0,0,97,321.0,0.0,0,one,RT,1
213,3224,6635,0,0,10.3661,3.558,6.2939,0.0,0,1133,1045.0,0.0,0,7.27,8.14,0.0,0,73,267.0,0.0,0,one,TR,1
213,4256,7534,0,0,48.426,13.1304,33.5394,0.0,0,2895,3827.0,0.0,0,14.59,22.56,0.0,0,183,0.0,0.0,0,one,TR,1
213,1510,8447,0,0,13.7503,6.544,6.4205,0.0,0,1168,1114.0,0.0,0,5.19,9.86,0.0,0,36,214.0,0.0,0,one,RT,1
227,4569,2594,0,0,17.8925,4.9032,12.4228,0.0,0,1198,1449.0,0.0,0,7.48,8.67,0.0,0,14,194.0,0.0,0,one,TR,1
233,3943,6114,0,0,12.8821,3.2417,9.1255,0.0,0,1252,1340.0,0.0,0,8.51,8.15,0.0,0,95,329.0,0.0,0,one,RT,1
233,2281,2906,851,0,32.9649,8.2001,15.2745,8.4987,0,1485,1638.0,1209.0,0,6.67,7.91,7.01,0,50,218.0,331.0,0,many,TR,2
234,1784,4544,0,0,11.7154,3.3368,7.8014,0.0,0,1381,909.0,0.0,0,9.31,8.77,0.0,0,127,41.0,0.0,0,one,RT,1
238,2994,1217,0,0,18.3917,5.3554,12.3771,0.0,0,1063,1934.0,0.0,0,5.23,9.59,0.0,0,40,513.0,0.0,0,one,TR,1
243,521,3979,0,0,8.8472,2.2518,5.9737,0.0,0,1405,1055.0,0.0,0,9.16,8.22,0.0,0,228,289.0,0.0,0,one,TR,1
246,113,2159,0,0,25.1757,8.1289,15.9111,0.0,0,2324,2570.0,0.0,0,14.18,15.36,0.0,0,143,465.0,0.0,0,one,RT,1
254,2468,5462,0,0,12.9512,3.9138,8.4009,0.0,0,1538,1311.0,0.0,0,10.42,9.37,0.0,0,124,279.0,0.0,0,one,TR,1
257,1748,8599,0,0,30.5781,10.9906,18.28,0.0,0,1693,3427.0,0.0,0,6.01,18.08,0.0,0,53,826.0,0.0,0,one,RT,1
257,2457,9347,0,0,23.5938,6.1068,16.714,0.0,0,1286,2748.0,0.0,0,6.55,11.73,0.0,0,58,762.0,0.0,0,one,RT,1
257,1969,4224,0,0,48.8227,16.0426,30.7158,0.0,0,3816,4659.0,0.0,0,21.49,25.64,0.0,0,173,619.0,0.0,0,one,RT,1
260,2742,2283,0,0,19.0798,3.1919,15.3184,0.0,0,1460,2198.0,0.0,0,10.21,9.69,0.0,0,132,540.0,0.0,0,one,TR,1
262,2762,5799,0,0,15.1926,1.5464,13.0704,0.0,0,1974,1984.0,0.0,0,15.54,9.76,0.0,0,248,502.0,0.0,0,one,RT,1
262,2915,5232,3420,0,60.237,10.8848,29.761,18.1624,0,2183,3044.0,2536.0,0,10.06,12.19,11.1,0,135,214.0,554.0,0,many,TR,2
265,4466,6646,0,0,18.4924,5.1166,12.6806,0.0,0,1484,1436.0,0.0,0,9.32,9.95,0.0,0,78,96.0,0.0,0,one,RT,1
270,2288,1752,0,0,23.2489,8.3424,13.9178,0.0,0,1998,2737.0,0.0,0,12.08,14.89,0.0,0,38,733.0,0.0,0,one,TR,1
272,2045,8452,0,0,20.2764,3.2402,16.488,0.0,0,1395,1917.0,0.0,0,9.71,9.48,0.0,0,116,271.0,0.0,0,one,TR,1
275,1997,1299,0,0,15.563,4.4406,10.6003,0.0,0,1233,1466.0,0.0,0,8.25,8.22,0.0,0,18,337.0,0.0,0,one,RT,1
277,2013,9426,0,0,16.1695,4.8061,10.8137,0.0,0,1280,1398.0,0.0,0,8.49,8.5,0.0,0,10,257.0,0.0,0,one,RT,1
277,3170,9100,0,0,34.9607,10.9353,22.64,0.0,0,1861,3467.0,0.0,0,7.07,17.85,0.0,0,105,620.0,0.0,0,one,RT,1
281,3914,2560,0,0,14.2951,1.8478,11.7972,0.0,0,1675,1847.0,0.0,0,11.74,9.5,0.0,0,273,485.0,0.0,0,one,RT,1
281,3203,7455,6023,0,32.2164,9.6724,9.8659,11.5034,0,1649,1239.0,1307.0,0,6.74,8.81,8.94,0,62,172.0,123.0,0,many,RT,2
